{
  "locations": [
    "Remote", "Work from Home", "Hybrid", "Anywhere",
    "Mumbai", "Delhi", "Bangalore", "Hyderabad", "Chennai", "Kolkata", "Pune", "Ahmedabad", "Surat", "Jaipur",
    "Lucknow", "Kanpur", "Nagpur", "Indore", "Thane", "Bhopal", "Visakhapatnam", "Pimpri-Chinchwad", "Patna", "Vadodara",
    "Ghaziabad", "Ludhiana", "Agra", "Nashik", "Faridabad", "Meerut", "Rajkot", "Kalyan-Dombivali", "Vasai-Virar", "Varanasi",
    "Srinagar", "Aurangabad", "Dhanbad", "Amritsar", "Navi Mumbai", "Allahabad", "Ranchi", "Howrah", "Coimbatore", "Jabalpur",
    "Gwalior", "Vijayawada", "Jodhpur", "Madurai", "Raipur", "Kota", "Guwahati", "Chandigarh", "Solapur", "Hubli-Dharwad",
    "Bareilly", "Moradabad", "Mysore", "Gurgaon", "Aligarh", "Jalandhar", "Tiruchirappalli", "Bhubaneswar", "Salem", "Mira-Bhayandar",
    "Warangal", "Guntur", "Bhiwandi", "Saharanpur", "Gorakhpur", "Bikaner", "Amravati", "Noida", "Jamshedpur", "Bhilai",
    "Cuttack", "Firozabad", "Kochi", "Nellore", "Bhavnagar", "Dehradun", "Durgapur", "Asansol", "Rourkela", "Nanded",
    "Kolhapur", "Ajmer", "Akola", "Gulbarga", "Jamnagar", "Ujjain", "Loni", "Siliguri", "Jhansi", "Ulhasnagar",
    "Jammu", "Sangli-Miraj & Kupwad", "Mangalore", "Erode", "Belgaum", "Ambattur", "Tirunelveli", "Malegaon", "Gaya", "Jalgaon",
    "Udaipur", "Maheshtala", "Davanagere", "Kozhikode", "Kurnool", "Rajpur Sonarpur", "Rajahmundry", "Bokaro", "South Dumdum", "Bellary",
    "Patiala", "Gopalpur", "Agartala", "Bhagalpur", "Muzaffarnagar", "Bhatpara", "Panihati", "Latur", "Dhule", "Rohtak",
    "Korba", "Bhilwara", "Berhampur", "Muzaffarpur", "Ahmednagar", "Mathura", "Kollam", "Avadi", "Kadapa", "Kamarhati",
    "Sambalpur", "Bilaspur", "Shahjahanpur", "Satara", "Bijapur", "Rampur", "Shivamogga", "Chandrapur", "Junagadh", "Thrissur",
    "Alwar", "Bardhaman", "Kulti", "Kakinada", "Nizamabad", "Parbhani", "Tumkur", "Khammam", "Ozhukarai", "Bihar Sharif",
    "Panipat", "Darbhanga", "Bally", "Aizawl", "Dewas", "Ichalkaranji", "Karnal", "Bathinda", "Jalna", "Eluru",
    "Kirari Suleman Nagar", "Baranagar", "Purnia", "Satna", "Mau", "Sonipat", "Farrukhabad", "Sagar", "Rourkela", "Durg",
    "Imphal", "Ratlam", "Hapur", "Arrah", "Anantapur", "Karimnagar", "Etawah", "Ambernath", "North Dumdum", "Bharatpur",
    "Begusarai", "New Delhi", "Gandhidham", "Baranagar", "Tiruvottiyur", "Puducherry", "Sikar", "Thoothukudi", "Rewa", "Mirzapur",
    "Raichur", "Pali", "Ramagundam", "Silchar", "Orai", "Tenali", "Jorhat", "Karaikudi", "Kishanganj", "Surendranagar",
    "New York", "Los Angeles", "Chicago", "Houston", "Phoenix", "Philadelphia", "San Antonio", "San Diego", "Dallas", "San Jose",
    "Austin", "Jacksonville", "Fort Worth", "Columbus", "Charlotte", "San Francisco", "Indianapolis", "Seattle", "Denver", "Washington",
    "Boston", "El Paso", "Nashville", "Detroit", "Oklahoma City", "Portland", "Las Vegas", "Memphis", "Louisville", "Baltimore",
    "Milwaukee", "Albuquerque", "Tucson", "Fresno", "Sacramento", "Kansas City", "Long Beach", "Mesa", "Atlanta", "Colorado Springs",
    "Virginia Beach", "Raleigh", "Omaha", "Miami", "Oakland", "Minneapolis", "Tulsa", "Wichita", "New Orleans", "Arlington",
    "London", "Birmingham", "Manchester", "Glasgow", "Liverpool", "Leeds", "Sheffield", "Edinburgh", "Bristol", "Leicester",
    "Coventry", "Bradford", "Cardiff", "Belfast", "Nottingham", "Kingston upon Hull", "Newcastle upon Tyne", "Stoke-on-Trent", "Southampton", "Derby",
    "Portsmouth", "Brighton", "Plymouth", "Northampton", "Reading", "Luton", "Wolverhampton", "Bolton", "Bournemouth", "Norwich",
    "Toronto", "Montreal", "Vancouver", "Calgary", "Edmonton", "Ottawa", "Winnipeg", "Quebec City", "Hamilton", "Kitchener",
    "London", "Victoria", "Halifax", "Oshawa", "Windsor", "Saskatoon", "St. Catharines", "Regina", "Sherbrooke", "Barrie",
    "Sydney", "Melbourne", "Brisbane", "Perth", "Adelaide", "Gold Coast", "Newcastle", "Canberra", "Sunshine Coast", "Wollongong",
    "Hobart", "Geelong", "Townsville", "Cairns", "Darwin", "Toowoomba", "Ballarat", "Bendigo", "Albury", "Launceston",
    "Tokyo", "Yokohama", "Osaka", "Nagoya", "Sapporo", "Fukuoka", "Kobe", "Kawasaki", "Kyoto", "Saitama",
    "Hiroshima", "Sendai", "Kitakyushu", "Chiba", "Sakai", "Niigata", "Hamamatsu", "Okayama", "Sagamihara", "Kumamoto",
    "Singapore", "Dubai", "Abu Dhabi", "Sharjah", "Ajman", "Ras Al Khaimah", "Fujairah", "Al Ain", "Doha", "Kuwait City",
    "Riyadh", "Jeddah", "Mecca", "Medina", "Dammam", "Khobar", "Tabuk", "Buraidah", "Khamis Mushait", "Hofuf",
    "Paris", "Marseille", "Lyon", "Toulouse", "Nice", "Nantes", "Strasbourg", "Montpellier", "Bordeaux", "Lille",
    "Rennes", "Reims", "Le Havre", "Saint-Étienne", "Toulon", "Grenoble", "Dijon", "Angers", "Nîmes", "Villeurbanne",
    "Berlin", "Hamburg", "Munich", "Cologne", "Frankfurt", "Stuttgart", "Düsseldorf", "Dortmund", "Essen", "Leipzig",
    "Bremen", "Dresden", "Hanover", "Nuremberg", "Duisburg", "Bochum", "Wuppertal", "Bielefeld", "Bonn", "Münster",
  
  

    "Mumbai",
    "Delhi",
    "New Delhi",
    "Bangalore",
    "Chennai",
    "Hyderabad",
    "Kolkata",
    "Pune",
    "Ahmedabad",
    "Surat",
    "Jaipur",
    "Coimbatore",
    "Madurai",
    "Trichy",
    "Tiruppur",
    "Salem",
    "Erode",
    "Vellore",
    "Thoothukudi",
    "Tirunelveli",
    "Nagercoil",
    "Hosur",
    "Krishnagiri",
    "Kanchipuram",
    "Karur",
    "Namakkal",
    "Sivakasi",
    "Virudhunagar",
    "Theni",
    "Ramanathapuram",
    "Nagapattinam",

    "Noida",
    "Gurgaon",
    "Faridabad",
    "Ghaziabad",
    "Greater Noida",
    "Sonipat",
    "Panipat",

    "Kochi",
    "Kozhikode",
    "Thrissur",
    "Trivandrum",

    "Trichy",
    "Udaipur",
    "Jodhpur",
    "Bikaner",
    "Alwar",

    "Indore",
    "Bhopal",
    "Jabalpur",

    "Nagpur",
    "Nashik",
    "Aurangabad",
    "Kolhapur",
    "Satara",

    "Raipur",
    "Bilaspur",

    "Ranchi",
    "Jamshedpur",

    "Guwahati",
    "Dibrugarh",

    "Visakhapatnam",
    "Vijayawada",
    "Guntur",
    "Tirupati",
    "Rajahmundry",

    "Bhubaneswar",
    "Cuttack",

    "Patna",
    "Gaya",

    "New York",
    "San Francisco",
    "Los Angeles",
    "San Diego",
    "San Jose",
    "Seattle",
    "Austin",
    "Dallas",
    "Houston",
    "Chicago",
    "Boston",
    "Washington DC",
    "Atlanta",
    "Denver",
    "Phoenix",
    "Las Vegas",
    "Portland",
    "Palo Alto",
    "Mountain View",
    "Sunnyvale",
    "Santa Clara",
    "Cupertino",
    "Redwood City",
    "Menlo Park",
    "Irvine",
    "Berkeley",

    "Toronto",
    "Vancouver",
    "Montreal",
    "Calgary",
    "Edmonton",
    "Ottawa",
    "Mississauga",
    "Brampton",
    "Markham",
    "Vaughan",
    "Burnaby",
    "Surrey",
    "Richmond",
    "Langley",

    "London",
    "Manchester",
    "Birmingham",
    "Leeds",
    "Liverpool",
    "Sheffield",
    "Nottingham",
    "Leicester",
    "Reading",
    "Slough",
    "Watford",
    "Milton Keynes",
    "Guildford",
    "Woking",

    "Dublin",
    "Cork",
    "Galway",
    "Limerick",

    "Amsterdam",
    "Rotterdam",
    "Utrecht",
    "Eindhoven",
    "The Hague",

    "Berlin",
    "Munich",
    "Frankfurt",
    "Hamburg",
    "Cologne",
    "Stuttgart",
    "Düsseldorf",

    "Paris",
    "Lyon",
    "Marseille",
    "Nice",
    "Toulouse",

    "Madrid",
    "Barcelona",
    "Valencia",
    "Seville",

    "Rome",
    "Milan",
    "Turin",
    "Florence",

    "Singapore",
    "Jurong East",
    "Tampines",
    "Woodlands",
    "Yishun",
    "Punggol",

    "Dubai",
    "Abu Dhabi",
    "Sharjah",
    "Ajman",
    "Ras Al Khaimah",
    "Fujairah",
    "Al Ain",
    "Business Bay",
    "DIFC",
    "Jebel Ali",
    "Dubai Internet City",
    "Dubai Media City",
    "Dubai Silicon Oasis",

    "Riyadh",
    "Jeddah",
    "Dammam",
    "Khobar",
    "Mecca",
    "Medina",

    "Doha",
    "Kuwait City",

    "Sydney",
    "Melbourne",
    "Brisbane",
    "Perth",
    "Adelaide",
    "Canberra",
    "Parramatta",
    "Penrith",
    "Blacktown",
    "Chatswood",

    "Tokyo",
    "Osaka",
    "Nagoya",
    "Yokohama",
    "Kyoto",
    "Kobe",
    "Fukuoka",
    "Sapporo",

    "Kuala Lumpur",
    "Penang",
    "Johor Bahru",

    "Bangkok",
    "Chiang Mai",
    "Phuket",

    "Jakarta",
    "Bandung",
    "Surabaya",

    "Manila",
    "Quezon City",
    "Cebu",

    "Ho Chi Minh City",
    "Hanoi",
    "Da Nang",
     "Pan India",
    "Remote - India",
    "Remote - Europe",
    "Remote - USA",
    "Hybrid - India",
    "Hybrid - USA",
    "Onsite - India",
    "Onsite - Abroad"
  ]
}

